,Degree,Closeness Centrality,Betweenness Centrality,Eccentricity,Page Rank,Eigen Value Centrality,Death
Addam-Marbrand,5,0.003676471,25.72425801,7,0.00081474,0.026102152,0
Aegon-Frey-(son-of-Stevron),4,0.003703704,0,6,0.00041059,0.004546066,1
Aegon-I-Targaryen,3,0.003236246,0,6,0.001100033,0.009154572,1
Aegon-Targaryen-(son-of-Rhaegar),1,0.002469136,0,7,0.002095285,0.029625865,1
Aegon-V-Targaryen,19,0.004587156,443.0135843,6,0.000255738,0.000527733,1
Aemon-Targaryen-(Dragonknight),6,0.003831418,3.495468214,7,0.000220606,0.001775769,1
Aemon-Targaryen-(Maester-Aemon),4,0.002695418,105,5,0.005212162,0.083890861,1
Aenys-Frey,6,0.003194888,3.389760739,7,0.000587243,0.002909659,0
Aeron-Greyjoy,14,0.003968254,350.6873758,7,0.00446216,0.003385025,0
Aerys-I-Targaryen,7,0.003663004,8.556744846,6,0.000215347,0.002336773,1
Aerys-II-Targaryen,4,0.003257329,0.583333333,6,0.002869167,0.091222167,1
Aggar,8,0.003546099,26.30650391,7,0.00110902,0.000129455,0
Aggo,18,0.004166667,272.161237,7,0.001518524,0.003896543,0
Alayaya,20,0.0041841,148.843899,7,0.000547523,0.010918625,0
Albett,5,0.003134796,105,6,0.000332519,0.002387682,0
Alebelly,4,0.00255102,0.333333333,6,0.000452308,0.002782672,0
Alerie-Hightower,14,0.003448276,874.8372111,7,0.000245548,0.000973833,0
Alester-Florent,5,0.003134796,312,6,0.000741937,0.006159167,0
Alla-Tyrell,12,0.004347826,107.6349826,7,0.000756021,0.004919478,0
Allar-Deem,3,0.00310559,0,6,0.000257157,0.004496223,0
Allard-Seaworth,8,0.003496503,35.15540317,6,0.000494908,0.001673824,0
Alleras,4,0.003144654,0,6,0.001729903,0.001682167,0
Alliser-Thorne,4,0.003125,0,5,0.001929448,0.056961389,1
Alyn,12,0.003802281,32.7217293,6,0.000539317,0.01233337,0
Alys-Arryn,4,0.003194888,12.20809267,7,0.000648561,0.000351358,0
Alys-Karstark,3,0.002967359,1.35025641,6,0.000501595,0.006571703,1
Alysane-Mormont,4,0.00255102,1,6,0.000716319,0.002434214,0
Amabel,24,0.004524887,556.1852523,7,0.00043193,0.002429265,0
Amerei-Frey,6,0.003731343,131.1036732,7,0.000413608,0.004476182,1
Amory-Lorch,18,0.004149378,141.5407634,7,0.001229904,0.024691194,1
Anders-Yronwood,4,0.00295858,2.261904762,8,0.000280012,0.000274199,0
Andrew-Estermont,26,0.004524887,1279.753353,7,0.000589354,0.000357898,0
Andrey-Dalt,2,0.003257329,3.20799062,7,0.0008306,0.000500285,0
Anguy,6,0.002717391,12.96584412,7,0.001296439,0.007596576,0
Anya-Waynwood,6,0.003584229,106.9588272,7,0.001146709,0.003782824,0
Archibald-Yronwood,9,0.003676471,21.0398865,8,0.000916235,0.000224606,0
Ardrian-Celtigar,5,0.003164557,3.673192663,7,0.000432125,7.87E-06,0
Areo-Hotah,2,0.002808989,0,7,0.001859237,0.002513746,1
Arianne-Martell,10,0.003703704,84.67234484,7,0.003806192,0.003462573,0
Armen,12,0.003378378,40.49072503,7,0.001044808,1.37E-05,0
Arnolf-Karstark,5,0.003194888,11.08691003,6,0.000703672,0.003082239,1
Aron-Santagar,4,0.003460208,47.90724047,7,0.000214777,0.000727841,0
Arron,7,0.003412969,1.441374269,7,0.000520339,0.000134402,0
Arson,2,0.002538071,0,6,0.000221467,0.001397065,0
Arstan,4,0.003508772,3.470318304,7,0.001308197,0.004128043,0
Arthur-Dayne,7,0.003333333,108.9634921,7,0.001054806,0.000772959,1
Arwyn-Oakheart,5,0.003558719,4.651775284,6,0.000235274,3.20E-05,0
Arya-Stark,4,0.003095975,0,6,0.01857171,0.385352249,0
Arys-Oakheart,8,0.003921569,23.52841297,7,0.001187249,0.013572165,0
Asha-Greyjoy,6,0.003355705,40.69501861,6,0.005611278,0.016986601,0
Ashara-Dayne,2,0.003115265,0,8,0.000231146,5.20E-05,0
Aurane-Waters,6,0.003571429,4.244047619,6,0.000578963,0.0129597,0
Axell-Florent,25,0.004608295,706.5572832,6,0.001523918,0.015721584,0
Azor-Ahai,18,0.004716981,1165.602517,6,0.000255395,0.002508139,0
Bael-the-Bard,3,0.003246753,0,7,0.00025028,0.000209925,0
Baelor-Blacktyde,4,0.003378378,1.46337185,7,0.000538829,0.000116868,0
Baelor-I-Targaryen,15,0.003623188,179.5971781,7,0.00031666,0.013320448,1
Ballabar,13,0.003937008,78.81308256,7,0.000618048,0.016966138,0
Balman-Byrch,26,0.004807692,705.1985624,7,0.000466959,0.00850848,0
Balon-Greyjoy,5,0.003508772,6.96957758,6,0.002935212,0.027543768,1
Balon-Swann,1,0.002358491,0,7,0.001197025,0.036865829,0
Bannen,14,0.004524887,571.5247305,7,0.000373823,0.001864015,0
Barbrey-Dustin,5,0.00330033,3.886829837,6,0.000785863,0.004061161,0
Barristan-Selmy,36,0.004830918,1101.384972,6,0.006068826,0.126148917,1
Barsena,22,0.004424779,364.7212196,7,0.000235553,0.000347629,0
Bartimus,4,0.003521127,32.8242342,7,0.000243754,0.000330508,0
Bedwyck,7,0.003355705,5.060887723,7,0.000397176,0.000953354,0
Belaquo,3,0.003508772,87.06103763,8,0.000602638,7.37E-05,0
Belwas,8,0.003484321,18.21525448,7,0.002068712,0.007861736,0
Ben-Bones,1,0.003067485,0,7,0.000324751,0.000694198,0
Ben-Plumm,4,0.003095975,0,7,0.001035565,0.007267347,0
Benedar-Belmore,4,0.003115265,0.333333333,7,0.00064121,0.001883582,0
Benerro,2,0.00310559,0,7,0.000430526,0.007878837,0
Benethon-Scales,5,0.003412969,10.71920465,7,0.000312001,0.000179732,0
Benfred-Tallhart,6,0.003584229,223.2348268,7,0.000599178,0.000936173,0
Benjen-Stark,1,0.00210084,0,6,0.00159731,0.050101299,1
Beric-Dondarrion,2,0.002808989,0,6,0.002083663,0.036823041,1
Beth-Cassel,4,0.003521127,2.6254329,6,0.00031696,0.002129481,0
Big-Boil,2,0.003164557,0,6,0.00025857,0.00152302,0
Biter,7,0.003731343,6.400940824,7,0.00078409,0.005304562,0
Black-Balaq,4,0.002949853,0.375746606,8,0.000331787,9.80E-07,0
Blane,5,0.003484321,16.67748923,6,0.000220783,0.000410522,0
Bloodbeard,6,0.003322259,0,7,0.000392266,0.000736018,0
Blue-Bard,4,0.003311258,0,7,0.000535667,0.008528872,0
Bonifer-Hasty,1,0.002358491,0,7,0.000231327,0.002367691,0
Boros-Blount,4,0.00255102,0.333333333,7,0.00155227,0.077473706,0
Bowen-Marsh,1,0.002531646,0,6,0.00243935,0.036009715,1
Bran-Stark,1,0.002531646,0,5,0.016720324,0.333355189,0
Brandon-Norrey,1,0.002531646,0,6,0.000597484,0.001397079,0
Brandon-Stark,1,0.002531646,0,6,0.000812566,0.026176052,1
Brea,1,0.002358491,0,7,0.000547601,0.002052427,0
Brella,1,0.002358491,0,7,0.000300826,0.006472058,0
Brenett,1,0.003067485,0,7,0.000220023,0.001356075,0
Brienne-of-Tarth,2,0.002840909,0,6,0.007373233,0.157677141,0
Bronn,7,0.003546099,6.10676519,6,0.003625629,0.195192682,0
Brus-Buckler,3,0.003154574,0,7,0.000496164,0.00024119,0
Bryce-Caron,1,0.003067485,0,6,0.000778986,0.00350596,0
Brynden-Rivers,5,0.003125,1.466666667,6,0.00034614,0.005064557,0
Brynden-Tully,2,0.003076923,0,6,0.002301441,0.058049579,1
Bump,1,0.002604167,0,7,0.000343224,2.09E-05,0
Butterbumps,2,0.003215434,0,7,0.000289102,0.004663855,0
Byam-Flint,3,0.003246753,0,7,0.000224238,9.79E-05,0
Caggo,2,0.003225806,0,8,0.000834508,7.72E-05,0
Caleotte,3,0.003289474,0,7,0.000533772,0.000870996,0
Camarron,1,0.00310559,0,8,0.000278577,1.08E-06,0
Captain-Myraham,2,0.003215434,0,7,0.000248605,0.000532422,0
Captain-Myraham-Daughter,1,0.003205128,0,7,0.000233564,0.000399317,0
Catelyn-Stark,5,0.003676471,25.72425801,6,0.015232918,0.431135765,1
Cayn,4,0.003703704,0,7,0.00081474,0.006491352,0
Cedra,3,0.003236246,0,8,0.00041059,3.27E-05,0
Cedric-Payne,1,0.002469136,0,8,0.001100033,0.000190612,0
Cellador,19,0.004587156,443.0135843,6,0.002095285,0.001823055,0
Cersei-Lannister,6,0.003831418,3.495468214,6,0.000255738,0.942788412,0
Chataya,4,0.002695418,105,7,0.000220606,0.010484517,0
Chayle,6,0.003194888,3.389760739,6,0.005212162,0.001067251,0
Chella,14,0.003968254,350.6873758,7,0.000587243,0.010331806,0
Chett,7,0.003663004,8.556744846,6,0.00446216,0.007643015,0
Chiggen,4,0.003257329,0.583333333,7,0.000215347,0.006905242,0
Chiswyck,8,0.003546099,26.30650391,7,0.002869167,0.012012557,0
Clayton-Suggs,18,0.004166667,272.161237,6,0.00110902,0.002609392,0
Clement-Piper,20,0.0041841,148.843899,7,0.001518524,0.00178721,0
Cleon,5,0.003134796,105,7,0.000547523,0.001160445,0
Cleos-Frey,4,0.00255102,0.333333333,6,0.000332519,0.052156042,1
Cletus-Yronwood,14,0.003448276,874.8372111,7,0.000452308,0.000337219,0
Cley-Cerwyn,5,0.003134796,312,6,0.000245548,0.002088948,0
Clubfoot-Karl,12,0.004347826,107.6349826,7,0.000741937,0.000691987,1
Clydas,3,0.00310559,0,6,0.000756021,0.019696446,0
Cohollo,8,0.003496503,35.15540317,7,0.000257157,0.000785947,0
Coldhands,4,0.003144654,0,6,0.000494908,0.004133757,0
Colemon,4,0.003125,0,7,0.001729903,0.003953812,0
Colen-of-Greenpools,12,0.003802281,32.7217293,7,0.001929448,0.003654455,0
Conn,4,0.003194888,12.20809267,7,0.000539317,0.00662271,0
Corliss-Penny,3,0.002967359,1.35025641,6,0.000648561,0.001254069,0
Cortnay-Penrose,4,0.00255102,1,6,0.000501595,0.013200865,0
Cotter-Pyke,24,0.004524887,556.1852523,6,0.000716319,0.011146598,0
Craster,6,0.003731343,131.1036732,6,0.00043193,0.031130564,1
Creighton-Longbough,18,0.004149378,141.5407634,7,0.000413608,0.001351139,0
Cressen,4,0.00295858,2.261904762,6,0.001229904,0.01525821,1
Cromm,26,0.004524887,1279.753353,8,0.000280012,4.90E-07,0
Cutjack,2,0.003257329,3.20799062,7,0.000589354,0.000136214,0
Daario-Naharis,6,0.002717391,12.96584412,7,0.0008306,0.009330425,0
Dacey-Mormont,6,0.003584229,106.9588272,6,0.001296439,0.00371823,0
Daemon-Sand,9,0.003676471,21.0398865,7,0.001146709,0.000324177,0
Daenerys-Targaryen,5,0.003164557,3.673192663,6,0.000916235,0.082890938,0
Daeron-I-Targaryen,2,0.002808989,0,7,0.000432125,3.16E-05,1
Dagmer,10,0.003703704,84.67234484,7,0.001859237,0.00137427,0
Dalbridge,12,0.003378378,40.49072503,6,0.003806192,0.00209314,0
Dalla,5,0.003194888,11.08691003,6,0.001044808,0.007090689,0
Damon-Dance-for-Me,4,0.003460208,47.90724047,7,0.000703672,0.000903849,0
Danwell-Frey,7,0.003412969,1.441374269,7,0.000214777,0.000164064,1
Dareon,2,0.002538071,0,6,0.000520339,0.009801428,0
Daryn-Hornwood,4,0.003508772,3.470318304,7,0.000221467,0.002345742,0
Daven-Lannister,7,0.003333333,108.9634921,7,0.001308197,0.007308638,0
Davos-Seaworth,5,0.003558719,4.651775284,6,0.001054806,0.078808502,0
Denyo-Terys,4,0.003095975,0,7,0.000235274,0.003238572,0
Denys-Mallister,8,0.003921569,23.52841297,6,0.01857171,0.005534242,0
Denzo-Dhan,6,0.003355705,40.69501861,8,0.001187249,2.08E-06,0
Desmond,2,0.003115265,0,7,0.005611278,0.004317386,0
Desmond-Grell,6,0.003571429,4.244047619,6,0.000231146,0.006669644,0
Devan-Seaworth,25,0.004608295,706.5572832,6,0.000578963,0.017330621,0
Dick-Crabb,18,0.004716981,1165.602517,7,0.001523918,0.00676163,0
Dick-Follard,3,0.003246753,0,6,0.000255395,0.00151831,0
Dick-Straw,4,0.003378378,1.46337185,8,0.00025028,2.06E-06,0
Dirk,15,0.003623188,179.5971781,7,0.000538829,0.000857372,0
Dolf,13,0.003937008,78.81308256,8,0.00031666,0.000368686,0
Donal-Noye,26,0.004807692,705.1985624,6,0.000618048,0.025723739,1
Donella-Hornwood,5,0.003508772,6.96957758,6,0.000466959,0.002949433,0
Dontos-Hollard,1,0.002358491,0,6,0.002935212,0.068994407,1
Doran-Martell,14,0.004524887,571.5247305,6,0.001197025,0.027324346,1
Dorcas,5,0.00330033,3.886829837,7,0.000373823,0.019267049,0
Doreah,36,0.004830918,1101.384972,7,0.000785863,0.002099518,1
Draqaz,22,0.004424779,364.7212196,8,0.006068826,8.28E-07,0
Drennan,4,0.003521127,32.8242342,7,0.000235553,0.000400586,0
Drogo,7,0.003355705,5.060887723,6,0.000243754,0.016355891,1
Dryn,3,0.003508772,87.06103763,7,0.000397176,0.000119437,0
Dunsen,8,0.003484321,18.21525448,7,0.000602638,0.038375826,0
Dunstan-Drumm,1,0.003067485,0,8,0.002068712,2.10E-05,0
Dywen,4,0.003095975,0,6,0.000324751,0.008542926,0
Ebben,4,0.003115265,0.333333333,6,0.001035565,0.005027604,0
Eddard-Stark,2,0.00310559,0,6,0.00064121,0.740452781,1
Eddison-Tollett,5,0.003412969,10.71920465,6,0.000430526,0.026059971,0
Edmure-Tully,6,0.003584229,223.2348268,6,0.000312001,0.078338349,0
Edric-Storm,1,0.00210084,0,6,0.000599178,0.006530361,0
Edwyn-Frey,2,0.002808989,0,7,0.00159731,0.005626615,1
Elder-Brother,4,0.003521127,2.6254329,7,0.002083663,0.000677414,0
Eldon-Estermont,2,0.003164557,0,7,0.00031696,1.10E-05,0
Elia-Martell,7,0.003731343,6.400940824,7,0.00025857,0.016524602,0
Elinor-Tyrell,4,0.002949853,0.375746606,7,0.00078409,0.005126974,0
Ellaria-Sand,5,0.003484321,16.67748923,7,0.000331787,0.008808296,0
Elmar-Frey,6,0.003322259,0,6,0.000220783,0.014635329,1
Emmett,4,0.003311258,0,6,0.000392266,0.007642847,0
Emmon-Cuy,1,0.002358491,0,7,0.000535667,0.002276375,0
Emmon-Frey,4,0.00255102,0.333333333,7,0.000231327,0.007305238,1
Emrick,1,0.002531646,0,7,0.00155227,0.00010117,0
Eon-Hunter,1,0.002531646,0,7,0.00243935,0.001873289,0
Errok,1,0.002531646,0,6,0.016720324,0.00194551,0
Euron-Greyjoy,1,0.002531646,0,7,0.000597484,0.00180946,0
Falyse-Stokeworth,1,0.002358491,0,7,0.000812566,0.014941307,0
Farlen,1,0.002358491,0,7,0.000547601,0.000798634,0
Florian-the-Fool,1,0.003067485,0,7,0.000300826,0.002267507,0
Fogo,2,0.002840909,0,8,0.000220023,7.92E-07,0
Franklyn-Flowers,7,0.003546099,6.10676519,7,0.007373233,0.000311613,0
Frenya,3,0.003154574,0,7,0.003625629,0.00040864,0
Fulk,1,0.003067485,0,6,0.000496164,0.00190859,0
Galazza-Galare,5,0.003125,1.466666667,7,0.000778986,0.002594174,0
Galbart-Glover,2,0.003076923,0,6,0.00034614,0.007854941,0
Galyeon-of-Cuy,1,0.002604167,0,7,0.002301441,0.003145355,0
Gared,2,0.003215434,0,6,0.000343224,0.000549742,0
Garin-(orphan),3,0.003246753,0,7,0.000289102,0.000690231,0
Gariss,2,0.003225806,0,8,0.000224238,4.07E-07,0
Garlan-Tyrell,3,0.003289474,0,7,0.000834508,0.029234996,0
Garrett-Paege,1,0.00310559,0,7,0.000533772,0.001775769,0
Garth-(Wolfs-Den),2,0.003215434,0,7,0.000278577,0.000343463,0
Garth-Greyfeather,1,0.003205128,0,6,0.000248605,0.00141198,0
Gawen-Westerling,5,0.003676471,25.72425801,7,0.000233564,6.86E-05,0
Gendel,4,0.003703704,0,6,0.015232918,0.001401474,0
Gendry,3,0.003236246,0,6,0.00081474,0.043305309,0
Genna-Lannister,1,0.002469136,0,7,0.00041059,0.005306846,0
Gerold-Dayne,19,0.004587156,443.0135843,7,0.001100033,0.001257374,0
Gerold-Grafton,6,0.003831418,3.495468214,9,0.002095285,5.05E-07,0
Gerold-Hightower,4,0.002695418,105,6,0.000255738,0.008768083,0
Gerrick-Kingsblood,6,0.003194888,3.389760739,6,0.000220606,0.002328466,0
Gerris-Drinkwater,14,0.003968254,350.6873758,7,0.005212162,0.002344221,0
Gilly,7,0.003663004,8.556744846,6,0.000587243,0.033686509,0
Gilwood-Hunter,4,0.003257329,0.583333333,7,0.00446216,0.000509019,0
Godry-Farring,8,0.003546099,26.30650391,6,0.000215347,0.005725451,0
Goghor-the-Giant,18,0.004166667,272.161237,8,0.002869167,8.47E-05,0
Gormon-Tyrell,20,0.0041841,148.843899,9,0.00110902,6.10E-10,0
Gorne,5,0.003134796,105,6,0.001518524,0.001401474,0
Gorold-Goodbrother,4,0.00255102,0.333333333,8,0.000547523,4.18E-05,0
Grazdan-mo-Eraz,14,0.003448276,874.8372111,8,0.000332519,3.08E-06,1
Grazhar,5,0.003134796,312,7,0.000452308,0.000410661,0
Greenbeard,12,0.004347826,107.6349826,7,0.000245548,0.004222723,0
Gregor-Clegane,3,0.00310559,0,6,0.000741937,0.127630204,0
Grenn,8,0.003496503,35.15540317,6,0.000756021,0.045420122,1
Gretchel,4,0.003144654,0,7,0.000257157,0.002472694,0
Grey-Worm,4,0.003125,0,7,0.000494908,0.003394289,0
Grigg,12,0.003802281,32.7217293,6,0.001729903,0.002378524,0
Grimtongue,4,0.003194888,12.20809267,7,0.001929448,5.87E-05,0
Grisel,3,0.002967359,1.35025641,7,0.000539317,0.001114617,0
Groleo,4,0.00255102,1,7,0.000648561,0.002014205,0
Grunt,24,0.004524887,556.1852523,7,0.000501595,0.000411503,0
Guncer-Sunglass,6,0.003731343,131.1036732,6,0.000716319,0.000577916,0
Gunthor-son-of-Gurn,18,0.004149378,141.5407634,7,0.00043193,0.007339162,0
Guyard-Morrigen,4,0.00295858,2.261904762,7,0.000413608,0.002217091,0
Gyles-Grafton,26,0.004524887,1279.753353,8,0.001229904,0.000120833,0
Gyles-Rosby,2,0.003257329,3.20799062,7,0.000280012,0.039181031,0
Gynir,6,0.002717391,12.96584412,8,0.000589354,1.03E-05,0
Hagen,6,0.003584229,106.9588272,7,0.0008306,5.81E-05,0
Haggo,9,0.003676471,21.0398865,7,0.001296439,0.00124744,0
Haggon,5,0.003164557,3.673192663,7,0.001146709,3.34E-05,0
Hairy-Hal,2,0.002808989,0,6,0.000916235,0.001873967,0
Hake,10,0.003703704,84.67234484,6,0.000432125,0.001862754,0
Halder,12,0.003378378,40.49072503,6,0.001859237,0.014072053,0
Haldon,5,0.003194888,11.08691003,7,0.003806192,0.058838064,0
Hallis-Mollen,4,0.003460208,47.90724047,6,0.001044808,0.015895075,0
Hallyne,7,0.003412969,1.441374269,7,0.000703672,0.008077484,0
Halys-Hornwood,2,0.002538071,0,7,0.000214777,0.000249103,0
Hareth-(Moles-Town),4,0.003508772,3.470318304,6,0.000520339,0.008767746,0
Harl,7,0.003333333,108.9634921,8,0.000221467,2.97E-06,0
Harma,5,0.003558719,4.651775284,6,0.001308197,0.004497115,0
Harras-Harlaw,4,0.003095975,0,8,0.001054806,6.34E-06,0
Harren-Hoare,8,0.003921569,23.52841297,7,0.000235274,0.003002812,0
Harrold-Hardyng,6,0.003355705,40.69501861,8,0.01857171,0.000209236,0
Harry-Strickland,2,0.003115265,0,7,0.001187249,0.001264552,0
Harwin,6,0.003571429,4.244047619,7,0.005611278,0.012665172,0
Harwood-Stout,25,0.004608295,706.5572832,7,0.000231146,0.000665528,0
Harys-Swyft,18,0.004716981,1165.602517,6,0.000578963,0.010859402,0
Helman-Tallhart,3,0.003246753,0,6,0.001523918,0.000445445,0
Hero,4,0.003378378,1.46337185,7,0.000255395,0.000552268,0
Heward,15,0.003623188,179.5971781,7,0.00025028,0.000352321,0
High-Septon-(fat_one),13,0.003937008,78.81308256,7,0.000538829,0.011079424,0
High-Septon-(Tyrions),26,0.004807692,705.1985624,7,0.00031666,0.021816149,0
High-Sparrow,5,0.003508772,6.96957758,7,0.000618048,0.040337362,1
Hizdahr-zo-Loraq,1,0.002358491,0,7,0.000466959,0.014682593,1
Hobb,14,0.004524887,571.5247305,6,0.002935212,0.00609227,0
Hobber-Redwyne,5,0.00330033,3.886829837,8,0.001197025,2.08E-05,0
Hodor,36,0.004830918,1101.384972,6,0.000373823,0.086144135,1
Holly,22,0.004424779,364.7212196,7,0.000785863,0.001482012,0
Hop-Robin,4,0.003521127,32.8242342,6,0.006068826,0.001940769,0
Horas-Redwyne,7,0.003355705,5.060887723,7,0.000235553,0.002835378,0
Horton-Redfort,3,0.003508772,87.06103763,8,0.000243754,6.63E-05,0
Hosteen-Frey,8,0.003484321,18.21525448,7,0.000397176,0.00012559,1
Hoster-Blackwood,1,0.003067485,0,7,0.000602638,0.002367691,0
Hoster-Tully,4,0.003095975,0,6,0.002068712,0.022382973,1
Hot-Pie,4,0.003115265,0.333333333,7,0.000324751,0.034099161,0
Hother-Umber,2,0.00310559,0,7,0.001035565,0.000356426,0
Hotho-Harlaw,5,0.003412969,10.71920465,8,0.00064121,1.66E-05,0
Hugh,6,0.003584229,223.2348268,7,0.000430526,0.000351352,0
Hugo-Vance,1,0.00210084,0,7,0.000312001,0.001775769,0
Hullen,2,0.002808989,0,6,0.000599178,0.003437418,0
Humfrey-Hewett,4,0.003521127,2.6254329,8,0.00159731,1.41E-05,1
Husband,2,0.003164557,0,8,0.002083663,9.33E-05,0
Hyle-Hunt,7,0.003731343,6.400940824,6,0.00031696,0.00845795,0
Illyrio-Mopatis,4,0.002949853,0.375746606,6,0.00025857,0.04107074,0
Ilyn-Payne,5,0.003484321,16.67748923,6,0.00078409,0.124079092,0
Irri,6,0.003322259,0,7,0.000331787,0.007992794,1
Jacelyn-Bywater,4,0.003311258,0,6,0.000220783,0.032981667,1
Jack-Be-Lucky,1,0.002358491,0,8,0.000392266,8.67E-05,0
Jack-Bulwer,4,0.00255102,0.333333333,6,0.000535667,0.001682351,0
Jaehaerys-I-Targaryen,1,0.002531646,0,8,0.000231327,2.78E-05,1
Jafer-Flowers,1,0.002531646,0,7,0.00155227,1.68E-05,0
Jaime-Lannister,1,0.002531646,0,6,0.00243935,0.564568547,0
Jalabhar-Xho,1,0.002531646,0,7,0.016720324,0.003226738,0
Janos-Slynt,1,0.002358491,0,5,0.000597484,0.096146931,1
Jaqen-Hghar,1,0.002358491,0,7,0.000812566,0.010681454,0
Jared-Frey,1,0.003067485,0,8,0.000547601,1.11E-06,1
Jaremy-Rykker,2,0.002840909,0,6,0.000300826,0.005349962,0
Jarl,7,0.003546099,6.10676519,6,0.000220023,0.011382922,0
Jarman-Buckwell,3,0.003154574,0,6,0.007373233,0.002443583,0
Jason-Mallister,1,0.003067485,0,7,0.003625629,0.002810261,0
Jeor-Mormont,5,0.003125,1.466666667,5,0.000496164,0.130516948,1
Jeyne-Farman,2,0.003076923,0,8,0.000778986,2.82E-05,0
Jeyne-Poole,1,0.002604167,0,6,0.00034614,0.033857443,0
Jeyne-Westerling,2,0.003215434,0,6,0.002301441,0.017688158,1
Jhiqui,3,0.003246753,0,7,0.000343224,0.007021145,0
Jhogo,2,0.003225806,0,7,0.000289102,0.004865243,0
Joanna-Lannister,3,0.003289474,0,7,0.000224238,0.00150012,0
Jocelyn-Swyft,1,0.00310559,0,7,0.000834508,0.013767657,0
Joffrey-Baratheon,2,0.003215434,0,6,0.000533772,0.901400829,1
Jojen-Reed,1,0.003205128,0,6,0.000278577,0.050145872,1
Jommo,5,0.003676471,25.72425801,7,0.000248605,5.20E-05,0
Jon-Arryn,4,0.003703704,0,6,0.000233564,0.111705029,1
Jon-Connington,3,0.003236246,0,6,0.015232918,0.052083007,0
Jon-Fossoway,1,0.002469136,0,7,0.00081474,1.89E-05,0
Jon-Snow,19,0.004587156,443.0135843,5,0.00041059,0.444167807,1
Jon-Umber-(Greatjon),6,0.003831418,3.495468214,6,0.001100033,0.024991424,1
Jon-Umber-(Smalljon),4,0.002695418,105,6,0.002095285,0.002501543,0
Jonos-Bracken,6,0.003194888,3.389760739,7,0.000255738,0.005345019,0
Jonothor-Darry,14,0.003968254,350.6873758,8,0.000220606,1.82E-07,0
Jorah-Mormont,7,0.003663004,8.556744846,6,0.005212162,0.054611788,0
Joramun,4,0.003257329,0.583333333,7,0.000587243,0.00080489,0
Jory-Cassel,8,0.003546099,26.30650391,6,0.00446216,0.064500882,1
Joseth,18,0.004166667,272.161237,6,0.000215347,0.001721815,0
Josmyn-Peckledon,20,0.0041841,148.843899,7,0.002869167,0.010121189,0
Justin-Massey,5,0.003134796,105,6,0.00110902,0.004487591,0
Jyck,4,0.00255102,0.333333333,7,0.001518524,0.006318365,0
Karyl-Vance,14,0.003448276,874.8372111,7,0.000547523,0.002728076,0
Kasporio,5,0.003134796,312,7,0.000332519,0.003194747,0
Kedry,12,0.004347826,107.6349826,8,0.000452308,2.80E-05,0
Kegs,3,0.00310559,0,6,0.000245548,0.002902276,0
Kella,8,0.003496503,35.15540317,7,0.000741937,0.002267347,0
Kerwin,4,0.003144654,0,8,0.000756021,2.53E-05,0
Kevan-Lannister,4,0.003125,0,6,0.000257157,0.103481484,1
Khorane-Sathmantes,12,0.003802281,32.7217293,6,0.000494908,0.001636159,0
Khrazz,4,0.003194888,12.20809267,7,0.001729903,0.001199836,0
Kindly-Man,3,0.002967359,1.35025641,7,0.001929448,0.006979827,0
Kojja-Mo,4,0.00255102,1,7,0.000539317,0.001570308,0
Koss,24,0.004524887,556.1852523,7,0.000648561,0.001386613,0
Kurleket,6,0.003731343,131.1036732,7,0.000501595,0.005242259,0
Kyra,18,0.004149378,141.5407634,7,0.000716319,0.000532422,0
Lambert-Turnberry,4,0.00295858,2.261904762,8,0.00043193,5.17E-05,0
Lamprey,26,0.004524887,1279.753353,7,0.000413608,0.000764631,0
Lancel-Lannister,2,0.003257329,3.20799062,6,0.001229904,0.085599687,1
Lark,6,0.002717391,12.96584412,6,0.000280012,0.002874205,0
Leaf,6,0.003584229,106.9588272,6,0.000589354,0.002090456,1
Leathers,9,0.003676471,21.0398865,6,0.0008306,0.008593876,0
Lem,5,0.003164557,3.673192663,7,0.001296439,0.016548125,1
Lemore,2,0.002808989,0,7,0.001146709,0.018190121,0
Leo-Lefford,10,0.003703704,84.67234484,7,0.000916235,0.004193807,0
Leo-Tyrell,12,0.003378378,40.49072503,7,0.000432125,0.000508737,0
Leobald-Tallhart,5,0.003194888,11.08691003,7,0.001859237,0.000427393,0
Leona-Woolfield,4,0.003460208,47.90724047,7,0.003806192,0.000333294,0
Lewyn-Martell,7,0.003412969,1.441374269,7,0.001044808,3.01E-05,0
Lollys-Stokeworth,2,0.002538071,0,7,0.000703672,0.012832975,0
Lommy-Greenhands,4,0.003508772,3.470318304,7,0.000214777,0.014788765,0
Longwater-Pyke,7,0.003333333,108.9634921,8,0.000520339,6.34E-06,0
Loras-Tyrell,5,0.003558719,4.651775284,6,0.000221467,0.153962162,1
Lorent-Caswell,4,0.003095975,0,7,0.001308197,0.000942305,0
Lorren,8,0.003921569,23.52841297,7,0.001054806,0.000944796,0
Lothar-Frey,6,0.003355705,40.69501861,6,0.000235274,0.008230308,1
Lothor-Brune,2,0.003115265,0,7,0.01857171,0.010179779,0
Lucas-Codd,6,0.003571429,4.244047619,8,0.001187249,2.04E-07,0
Luton,25,0.004608295,706.5572832,8,0.005611278,2.23E-06,0
Luwin,18,0.004716981,1165.602517,6,0.000231146,0.102941491,1
Lyanna-Mormont,3,0.003246753,0,6,0.000578963,0.001254069,0
Lyanna-Stark,4,0.003378378,1.46337185,6,0.001523918,0.025176016,1
Lyn-Corbray,15,0.003623188,179.5971781,7,0.000255395,0.002201657,0
Lyonel-Corbray,13,0.003937008,78.81308256,7,0.00025028,0.00112385,0
Lysa-Arryn,26,0.004807692,705.1985624,6,0.000538829,0.149682908,1
Mace-Tyrell,5,0.003508772,6.96957758,6,0.00031666,0.092410342,1
Maddy,1,0.002358491,0,7,0.000618048,0.002610336,0
Maege-Mormont,14,0.004524887,571.5247305,6,0.000466959,0.006379139,1
Maegor-I-Targaryen,5,0.00330033,3.886829837,7,0.002935212,0.00883768,1
Maggy,36,0.004830918,1101.384972,7,0.001197025,0.004963521,0
Malaquo-Maegyr,22,0.004424779,364.7212196,8,0.000373823,1.20E-06,0
Malegorn,4,0.003521127,32.8242342,6,0.000785863,0.002553236,0
Mallador-Locke,7,0.003355705,5.060887723,7,0.006068826,2.23E-05,1
Mance-Rayder,3,0.003508772,87.06103763,6,0.000235553,0.075485104,1
Mandon-Moore,8,0.003484321,18.21525448,7,0.000243754,0.040175116,0
Manfrey-Martell,1,0.003067485,0,9,0.000397176,4.57E-08,0
Margaery-Tyrell,4,0.003095975,0,6,0.000602638,0.217199489,1
Marillion,4,0.003115265,0.333333333,7,0.002068712,0.02786592,0
Marlon-Manderly,2,0.00310559,0,6,0.000324751,0.001667204,0
Marq-Piper,5,0.003412969,10.71920465,6,0.001035565,0.007742617,0
Marselen,6,0.003584229,223.2348268,7,0.00064121,0.000262184,0
Martyn-Lannister,1,0.00210084,0,7,0.000430526,0.001130648,0
Martyn-Rivers,2,0.002808989,0,6,0.000312001,0.00143804,0
Marwyn,4,0.003521127,2.6254329,7,0.000599178,0.000997642,0
Marya-Seaworth,2,0.003164557,0,6,0.00159731,0.001262844,0
Mathis-Rowan,7,0.003731343,6.400940824,6,0.002083663,0.00601643,0
Meera-Reed,4,0.002949853,0.375746606,6,0.00031696,0.054512509,0
Megga-Tyrell,5,0.003484321,16.67748923,7,0.00025857,0.006763486,0
Meldred-Merlyn,6,0.003322259,0,8,0.00078409,3.12E-05,0
Melisandre,4,0.003311258,0,6,0.000331787,0.078695794,0
Mellei,1,0.002358491,0,8,0.000220783,1.09E-05,0
Meribald,4,0.00255102,0.333333333,7,0.000392266,0.003786088,0
Meris,1,0.002531646,0,7,0.000535667,0.000662364,0
Merrett-Frey,1,0.002531646,0,7,0.000231327,0.001140504,1
Meryn-Trant,1,0.002531646,0,6,0.00155227,0.123986382,1
Mezzara,1,0.002531646,0,7,0.00243935,0.000349428,0
Mikken,1,0.002358491,0,6,0.016720324,0.004466298,0
Miklaz,1,0.002358491,0,7,0.000597484,0.000263123,0
Mirri-Maz-Duur,1,0.003067485,0,7,0.000812566,0.003487299,1
Missandei,2,0.002840909,0,7,0.000547601,0.007123031,0
Moelle,7,0.003546099,6.10676519,7,0.000300826,0.004174235,0
Mollander,3,0.003154574,0,7,0.000220023,1.25E-05,0
Monford-Velaryon,1,0.003067485,0,6,0.007373233,0.001501991,0
Moon-Boy,5,0.003125,1.466666667,7,0.003625629,0.007818372,0
Moqorro,2,0.003076923,0,7,0.000496164,0.007677475,0
Mord,1,0.002604167,0,7,0.000778986,0.020969034,0
Mordane,2,0.003215434,0,6,0.00034614,0.08152057,1
Morgo,3,0.003246753,0,7,0.002301441,0.004193807,0
Morrec,2,0.003225806,0,7,0.000343224,0.005275381,0
Mors-Umber,3,0.003289474,0,6,0.000289102,0.002949487,0
Mully,1,0.00310559,0,6,0.000224238,0.008743602,0
Munda,2,0.003215434,0,7,0.000834508,0.000159249,0
Murenmure,1,0.003205128,0,7,0.000533772,0.000438356,0
Mya-Stone,5,0.003676471,25.72425801,7,0.000278577,0.004518632,0
Mycah,4,0.003703704,0,7,0.000248605,0.038318397,0
Myranda-Royce,3,0.003236246,0,7,0.000233564,0.002455761,1
Myrcella-Baratheon,1,0.002469136,0,6,0.015232918,0.107299713,1
Nage,19,0.004587156,443.0135843,8,0.00081474,3.71E-05,0
Nan,6,0.003831418,3.495468214,6,0.00041059,0.025992025,0
Narbert-Grandison,4,0.002695418,105,6,0.001100033,0.001766309,0
Nestor-Royce,6,0.003194888,3.389760739,7,0.002095285,0.019868649,0
Nurse,14,0.003968254,350.6873758,7,0.000255738,0.009115042,0
Nute,7,0.003663004,8.556744846,8,0.000220606,3.17E-05,0
Nymeria-Sand,4,0.003257329,0.583333333,7,0.005212162,0.000216074,0
Obara-Sand,8,0.003546099,26.30650391,7,0.000587243,0.000412021,0
Oberyn-Martell,18,0.004166667,272.161237,7,0.00446216,0.075740812,1
Old-Bill-Bone,20,0.0041841,148.843899,8,0.000215347,2.70E-05,0
Olenna-Redwyne,5,0.003134796,105,7,0.002869167,0.030797834,1
Olyvar-Frey,4,0.00255102,0.333333333,6,0.00110902,0.005815763,1
Orell,14,0.003448276,874.8372111,6,0.001518524,0.002920086,0
Orton-Merryweather,5,0.003134796,312,6,0.000547523,0.015338067,0
Osfryd-Kettleblack,12,0.004347826,107.6349826,7,0.000332519,0.01550162,0
Osha,3,0.00310559,0,6,0.000452308,0.024185599,1
Osmund-Kettleblack,8,0.003496503,35.15540317,7,0.000245548,0.104130903,0
Osney-Kettleblack,4,0.003144654,0,6,0.000741937,0.037816642,0
Oswell-Kettleblack,4,0.003125,0,7,0.000756021,0.005265068,0
Othell-Yarwyck,12,0.003802281,32.7217293,6,0.000257157,0.007392014,0
Ottyn-Wythers,4,0.003194888,12.20809267,6,0.000494908,0.002337207,0
Owen,3,0.002967359,1.35025641,6,0.001729903,0.011099052,0
Palla,4,0.00255102,1,7,0.001929448,0.000496382,0
Patchface,24,0.004524887,556.1852523,6,0.000539317,0.002829952,0
Pate-(novice),6,0.003731343,131.1036732,7,0.000648561,1.85E-05,0
Pate-(whipping-boy),18,0.004149378,141.5407634,7,0.000501595,0.001232876,0
Patrek-of-Kings-Mountain,4,0.00295858,2.261904762,6,0.000716319,0.003587272,1
Paxter-Redwyne,26,0.004524887,1279.753353,6,0.00043193,0.010640826,0
Penny,2,0.003257329,3.20799062,7,0.000413608,0.062990733,0
Perwyn-Frey,6,0.002717391,12.96584412,6,0.001229904,0.00289527,1
Petyr-Baelish,6,0.003584229,106.9588272,6,0.000280012,0.354369079,1
Petyr-Frey,9,0.003676471,21.0398865,7,0.000589354,0.000281822,1
Pia,5,0.003164557,3.673192663,7,0.0008306,0.009299508,0
Podrick-Payne,2,0.002808989,0,7,0.001296439,0.060601059,0
Polliver,10,0.003703704,84.67234484,7,0.001146709,0.03714191,0
Prendahl-na-Ghezn,12,0.003378378,40.49072503,8,0.000916235,2.95E-05,0
Preston-Greenfield,5,0.003194888,11.08691003,7,0.000432125,0.00611076,0
Puckens,4,0.003460208,47.90724047,7,0.001859237,0.000598878,0
Pyat-Pree,7,0.003412969,1.441374269,7,0.003806192,0.001247421,1
Pycelle,2,0.002538071,0,6,0.001044808,0.190398932,1
Pyg,4,0.003508772,3.470318304,7,0.000703672,0.000766626,0
Pylos,7,0.003333333,108.9634921,6,0.000214777,0.008736283,0
Pypar,5,0.003558719,4.651775284,6,0.000520339,0.045248752,1
Qarl-the-Maid,4,0.003095975,0,7,0.000221467,0.000144158,0
Qavo-Nogarys,8,0.003921569,23.52841297,7,0.001308197,0.00703369,0
Qhorin-Halfhand,6,0.003355705,40.69501861,6,0.001054806,0.039925791,1
Qotho,2,0.003115265,0,7,0.000235274,0.002242492,0
Quaro,6,0.003571429,4.244047619,7,0.01857171,0.00052288,0
Quellon-Greyjoy,25,0.004608295,706.5572832,8,0.001187249,1.41E-05,0
Quentyn-Martell,18,0.004716981,1165.602517,7,0.005611278,0.008576305,0
Quhuru-Mo,3,0.003246753,0,7,0.000231146,0.000674035,0
Qyburn,4,0.003378378,1.46337185,6,0.000578963,0.054447022,0
Rafford,15,0.003623188,179.5971781,7,0.001523918,0.042390194,0
Ralf-(Limper),13,0.003937008,78.81308256,8,0.000255395,1.48E-05,0
Ralf-Stonehouse,26,0.004807692,705.1985624,8,0.00025028,6.44E-06,0
Ramsay-Snow,5,0.003508772,6.96957758,6,0.000538829,0.030859867,1
Randyll-Tarly,1,0.002358491,0,5,0.00031666,0.010179921,1
Rast,14,0.004524887,571.5247305,6,0.000618048,0.004761804,1
Rattleshirt,5,0.00330033,3.886829837,6,0.000466959,0.027677585,1
Raymun-Darry,36,0.004830918,1101.384972,6,0.002935212,0.009336711,1
Raynald-Westerling,22,0.004424779,364.7212196,6,0.001197025,0.006100991,0
Raynard,4,0.003521127,32.8242342,7,0.000373823,0.002965457,0
Renly-Baratheon,7,0.003355705,5.060887723,6,0.000785863,0.299586165,1
Rennifer-Longwaters,3,0.003508772,87.06103763,7,0.006068826,0.001775786,0
Reznak-mo-Reznak,8,0.003484321,18.21525448,7,0.000235553,0.002824275,0
Rhaegar-Frey,1,0.003067485,0,7,0.000243754,6.41E-05,1
Rhaegar-Targaryen,4,0.003095975,0,6,0.000397176,0.067370533,1
Rhaella-Targaryen,4,0.003115265,0.333333333,7,0.000602638,0.000291283,1
Rhaenys-Targaryen,2,0.00310559,0,7,0.002068712,3.85E-05,1
Richard-Horpe,5,0.003412969,10.71920465,6,0.000324751,0.001287005,0
Rickard-Karstark,6,0.003584229,223.2348268,6,0.001035565,0.028692312,1
Rickon-Stark,1,0.00210084,0,6,0.00064121,0.126786006,1
Robb-Stark,2,0.002808989,0,5,0.000430526,0.457194946,1
Robert-Arryn,4,0.003521127,2.6254329,7,0.000312001,0.038148669,0
Robert-Baratheon,2,0.003164557,0,5,0.000599178,0.742928197,1
Robett-Glover,7,0.003731343,6.400940824,6,0.00159731,0.002155263,0
Robin-Flint,4,0.002949853,0.375746606,6,0.002083663,0.001535837,0
Rodrik-Cassel,5,0.003484321,16.67748923,6,0.00031696,0.079197039,1
Rodrik-Harlaw,6,0.003322259,0,7,0.00025857,0.000138929,0
Rodrik-Sparr,4,0.003311258,0,8,0.00078409,4.70E-05,0
Roger-Ryswell,1,0.002358491,0,7,0.000331787,0.000549454,0
Rolly-Duckfield,4,0.00255102,0.333333333,7,0.000220783,0.024258461,0
Roose-Bolton,1,0.002531646,0,6,0.000392266,0.064452857,1
Roose-Ryswell,1,0.002531646,0,6,0.000535667,0.001254069,0
Rorge,1,0.002531646,0,7,0.000231327,0.011144239,0
Roslin-Frey,1,0.002531646,0,6,0.00155227,0.007167622,1
Rowan,1,0.002358491,0,6,0.00243935,0.002032565,0
Ryk,1,0.002358491,0,6,0.016720324,0.005813402,0
Ryman-Frey,1,0.003067485,0,6,0.000597484,0.015165407,1
Salladhor-Saan,2,0.002840909,0,6,0.000812566,0.012299531,0
Samwell-Tarly,7,0.003546099,6.10676519,6,0.000547601,0.157741748,0
Sandor-Clegane,3,0.003154574,0,6,0.000300826,0.231401744,0
Sansa-Stark,1,0.003067485,0,6,0.000220023,0.720855777,0
Sarella-Sand,5,0.003125,1.466666667,8,0.007373233,1.39E-06,0
Satin,2,0.003076923,0,6,0.003625629,0.023128216,0
Scar,1,0.002604167,0,7,0.000496164,0.008465689,0
Scolera,2,0.003215434,0,7,0.000778986,0.005152447,0
Selyse-Florent,3,0.003246753,0,6,0.00034614,0.041531822,1
Shadd,2,0.003225806,0,7,0.002301441,1.92E-05,0
Shae,3,0.003289474,0,6,0.000343224,0.101530168,1
Shagga,1,0.00310559,0,7,0.000289102,0.035164808,0
Shagwell,2,0.003215434,0,7,0.000224238,0.003926199,0
Sharna,1,0.003205128,0,8,0.000834508,0.000241504,0
Shireen-Baratheon,5,0.003676471,25.72425801,6,0.000533772,0.010046638,1
Shrouded-Lord,4,0.003703704,0,7,0.000278577,0.004193807,0
Sigorn,3,0.003236246,0,6,0.000248605,0.004330177,0
Simon-Toyne,1,0.002469136,0,9,0.000233564,1.02E-08,0
Skinner,19,0.004587156,443.0135843,7,0.015232918,0.000708847,0
Sour-Alyn,6,0.003831418,3.495468214,7,0.00081474,0.001273064,0
Squint,4,0.002695418,105,7,0.00041059,0.000403549,0
Squirrel,6,0.003194888,3.389760739,6,0.001100033,0.001444601,0
Stannis-Baratheon,14,0.003968254,350.6873758,5,0.002095285,0.398705214,1
Stevron-Frey,7,0.003663004,8.556744846,6,0.000255738,0.004419078,1
Stonesnake,4,0.003257329,0.583333333,6,0.000220606,0.006452152,0
Stygg,8,0.003546099,26.30650391,7,0.005212162,0.000536628,0
Styr,18,0.004166667,272.161237,6,0.000587243,0.020760541,1
Sweets,20,0.0041841,148.843899,7,0.00446216,0.007720446,0
Sybell-Spicer,5,0.003134796,105,6,0.000215347,0.004118969,0
Sylva-Santagar,4,0.00255102,0.333333333,7,0.002869167,0.000497673,0
Symon-Silver-Tongue,14,0.003448276,874.8372111,7,0.00110902,0.007698875,0
Symond-Templeton,5,0.003134796,312,7,0.001518524,0.00192546,0
Syrio-Forel,12,0.004347826,107.6349826,7,0.000547523,0.017129342,0
Taena-of-Myr,3,0.00310559,0,6,0.000332519,0.06132434,0
Talbert-Serry,8,0.003496503,35.15540317,8,0.000452308,2.11E-05,0
Tanda-Stokeworth,4,0.003144654,0,7,0.000245548,0.018702561,0
Tansy,4,0.003125,0,7,0.000741937,0.004537208,0
Theomore,12,0.003802281,32.7217293,6,0.000756021,0.001318129,0
Theon-Greyjoy,4,0.003194888,12.20809267,6,0.000257157,0.126954457,0
Thistle,3,0.002967359,1.35025641,7,0.000494908,2.93E-05,0
Timett,4,0.00255102,1,7,0.001729903,0.016086867,0
Tion-Frey,24,0.004524887,556.1852523,7,0.001929448,1.11E-05,1
Tommen-Baratheon,6,0.003731343,131.1036732,6,0.000539317,0.293975452,1
Toregg,18,0.004149378,141.5407634,6,0.000648561,0.003148671,0
Tormund,4,0.00295858,2.261904762,6,0.000501595,0.037972486,0
Tybero-Istarion,26,0.004524887,1279.753353,7,0.000716319,0.00843576,0
Tyrion-Lannister,2,0.003257329,3.20799062,6,0.00043193,1,0
Tywin-Lannister,6,0.002717391,12.96584412,6,0.000413608,0.357698881,1
Vargo-Hoat,6,0.003584229,106.9588272,7,0.001229904,0.018762903,0
Victarion-Greyjoy,9,0.003676471,21.0398865,7,0.000280012,0.002014421,0
Walder-Frey-(son-of-Jammos),5,0.003164557,3.673192663,6,0.000589354,0.002648183,1
Walder-Frey-(son-of-Merrett),2,0.002808989,0,6,0.0008306,0.006486737,1
Waymar-Royce,10,0.003703704,84.67234484,7,0.001296439,0.000165269,0
Weasel,12,0.003378378,40.49072503,7,0.001146709,0.004353046,0
Woth,5,0.003194888,11.08691003,7,0.000916235,0.001713187,0
Yandry,4,0.003460208,47.90724047,7,0.000432125,0.01723547,0
Lyle-Crakehall,7,0.003412969,1.441374269,7,0.001859237,0.00647954,0
Varys,2,0.002538071,0,6,0.003806192,0.362056312,0
Walder-Frey,4,0.003508772,3.470318304,6,0.001044808,0.052034144,1
Torrhen-Stark,7,0.003333333,108.9634921,7,0.000703672,0.002357781,0
Visenya-Targaryen,5,0.003558719,4.651775284,7,0.000214777,2.89E-05,1
Rhaenys-Targaryen-(daughter-of-Rhaegar),4,0.003095975,0,8,0.000520339,0.000124245,1
Viserys-Targaryen,8,0.003921569,23.52841297,6,0.000221467,0.025236702,1
Ysilla,6,0.003355705,40.69501861,7,0.001308197,0.012504765,0
Daeron-II-Targaryen,2,0.003115265,0,6,0.001054806,0.000524588,1
Maekar-I-Targaryen,6,0.003571429,4.244047619,6,0.000235274,0.000263867,1
Wynton-Stout,25,0.004608295,706.5572832,6,0.01857171,0.000263867,0
Wyman-Manderly,18,0.004716981,1165.602517,6,0.001187249,0.0203665,0
Emmond,3,0.003246753,0,8,0.005611278,1.42E-05,0
Gormond-Goodbrother,4,0.003378378,1.46337185,8,0.000231146,2.13E-05,0
Greydon-Goodbrother,15,0.003623188,179.5971781,8,0.000578963,1.42E-05,0
Rus,13,0.003937008,78.81308256,8,0.001523918,1.77E-05,0
Denys-Darklyn,26,0.004807692,705.1985624,7,0.000255395,0.000382568,0
Elbert-Arryn,5,0.003508772,6.96957758,7,0.00025028,0.000286926,0
Owen-Merryweather,1,0.002358491,0,7,0.000538829,0.000286926,0
Rossart,14,0.004524887,571.5247305,7,0.00031666,0.000382568,0
Gelmarr,5,0.00330033,3.886829837,8,0.000618048,4.07E-07,0
Rakharo,36,0.004830918,1101.384972,7,0.000466959,0.002422346,1
Dancy,22,0.004424779,364.7212196,8,0.002935212,3.43E-05,0
Hayhead,4,0.003521127,32.8242342,6,0.001197025,0.002105793,0
Roone,7,0.003355705,5.060887723,7,0.000373823,1.23E-05,0
Tomard,3,0.003508772,87.06103763,7,0.000785863,0.018240335,0
Elys-Waynwood,8,0.003484321,18.21525448,8,0.006068826,1.47E-06,0
Harra,1,0.003067485,0,7,0.000235553,0.001222258,0
Tickler,4,0.003095975,0,7,0.000243754,0.035097239,0
Yoren,4,0.003115265,0.333333333,6,0.000397176,0.033295411,1
Gerald-Gower,2,0.00310559,0,8,0.000602638,1.13E-06,0
Tyene-Sand,5,0.003412969,10.71920465,7,0.002068712,0.000441786,0
Tom-of-Sevenstreams,6,0.003584229,223.2348268,7,0.000324751,0.010940691,0
Yohn-Royce,1,0.00210084,0,7,0.001035565,0.008091685,0
Tattered-Prince,2,0.002808989,0,7,0.00064121,0.000490727,0
Franklyn-Fowler,4,0.003521127,2.6254329,8,0.000430526,1.09E-05,0
Morra,2,0.003164557,0,8,0.000312001,1.09E-05,0
Ricasso,7,0.003731343,6.400940824,8,0.000599178,1.09E-05,0
Timoth,4,0.002949853,0.375746606,8,0.00159731,1.09E-05,0
Arthor-Karstark,5,0.003484321,16.67748923,7,0.002083663,9.69E-06,1
Kraznys-mo-Nakloz,6,0.003322259,0,7,0.00031696,0.001403499,1
Mero,4,0.003311258,0,7,0.00025857,0.000980162,0
Smiling-Knight,1,0.002358491,0,8,0.00078409,3.24E-06,0
Bellegere-Otherys,4,0.00255102,0.333333333,7,0.000331787,0.00121207,0
Brusco,1,0.002531646,0,7,0.000220783,0.004053143,0
Dobber,1,0.002531646,0,7,0.000392266,0.001616093,0
Mad-Huntsman,1,0.002531646,0,7,0.000535667,0.001616093,0
Meralyn,1,0.002531646,0,7,0.000231327,0.003636209,0
Pate-(Old),1,0.002358491,0,7,0.00155227,0.001616093,0
Praed,1,0.002358491,0,7,0.00243935,0.00121207,0
Ravella-Swann,1,0.003067485,0,7,0.016720324,0.002828163,0
Talea,2,0.002840909,0,7,0.000597484,0.0016247,0
Ternesio-Terys,7,0.003546099,6.10676519,7,0.000812566,0.002030303,0
Thoros-of-Myr,3,0.003154574,0,6,0.000547601,0.022707946,1
Umma,1,0.003067485,0,7,0.000300826,0.002424139,0
Vayon-Poole,5,0.003125,1.466666667,6,0.000220023,0.017560817,1
Waif,2,0.003076923,0,7,0.007373233,0.008175599,1
Weese,1,0.002604167,0,7,0.003625629,0.009739906,0
Yorko-Terys,2,0.003215434,0,7,0.000496164,0.002424139,0
Red-Oarsman,3,0.003246753,0,7,0.000778986,6.48E-05,0
Rolfe-the-Dwarf,2,0.003225806,0,7,0.00034614,5.34E-05,0
Sybelle-Glover,3,0.003289474,0,7,0.002301441,5.64E-05,0
Torgon-Greyiron,1,0.00310559,0,7,0.000343224,5.34E-05,0
Tristifer-Botley,2,0.003215434,0,7,0.000289102,0.000285892,0
Tycho-Nestoris,1,0.003205128,0,6,0.000224238,0.008567853,0
Wex-Pyke,5,0.003676471,25.72425801,7,0.000834508,0.002347434,0
Porridge,4,0.003703704,0,7,0.000533772,0.000580583,0
Ygritte,3,0.003236246,0,6,0.000278577,0.040044752,1
Frenken,1,0.002469136,0,8,0.000248605,7.12E-05,0
Larraq,19,0.004587156,443.0135843,7,0.000233564,0.000396783,0
Skahaz-mo-Kandaq,6,0.003831418,3.495468214,7,0.015232918,0.006388539,0
Steelskin,4,0.002695418,105,7,0.00081474,0.000446739,0
Widower,6,0.003194888,3.389760739,7,0.00041059,0.000396783,0
Xaro-Xhoan-Daxos,14,0.003968254,350.6873758,7,0.001100033,0.002930169,1
Spotted-Cat,7,0.003663004,8.556744846,7,0.002095285,0.000343646,0
Oznak-zo-Pahl,4,0.003257329,0.583333333,7,0.000255738,0.00041357,0
Mariya-Darry,8,0.003546099,26.30650391,7,0.000220606,0.003744573,0
Tallad,18,0.004166667,272.161237,7,0.005212162,0.004690306,0
Wick-Whittlestick,20,0.0041841,148.843899,6,0.000587243,0.002517215,0
Hali,5,0.003134796,105,6,0.00446216,0.00104852,0
Howland-Reed,4,0.00255102,0.333333333,6,0.000215347,0.003377507,0
Poxy-Tym,14,0.003448276,874.8372111,6,0.002869167,0.00104852,0
Reek,5,0.003134796,312,6,0.00110902,0.001177941,0
Rickard-Stark,12,0.004347826,107.6349826,6,0.001518524,0.00148036,1
Stafford-Lannister,3,0.00310559,0,6,0.000547523,0.006577098,0
Stiv,8,0.003496503,35.15540317,6,0.000332519,0.002836068,0
Torghen-Flint,4,0.003144654,0,7,0.000452308,4.39E-06,0
Clarence-Crabb,4,0.003125,0,7,0.000245548,0.000661267,0
Illifer,12,0.003802281,32.7217293,7,0.000741937,0.001343784,0
Jeyne-Heddle,4,0.003194888,12.20809267,7,0.000756021,0.000661267,0
Narbert,3,0.002967359,1.35025641,7,0.000257157,0.00101062,0
Robar-Royce,4,0.00255102,1,7,0.000494908,0.003667286,0
Selwyn-Tarth,24,0.004524887,556.1852523,7,0.001729903,0.000661267,0
Timeon,6,0.003731343,131.1036732,7,0.001929448,0.001827364,0
Vyman,18,0.004149378,141.5407634,7,0.000539317,0.006536548,0
Walton,4,0.00295858,2.261904762,7,0.000648561,0.011784473,0
Willow-Heddle,26,0.004524887,1279.753353,7,0.000501595,0.000962795,0
Vardis-Egen,2,0.003257329,3.20799062,7,0.000716319,0.014754492,0
Willis-Wode,6,0.002717391,12.96584412,7,0.00043193,0.008197006,0
Varamyr,6,0.003584229,106.9588272,6,0.000413608,0.003986852,0
Lucifer-Long,9,0.003676471,21.0398865,9,0.001229904,2.43E-07,0
Donnel-Waynwood,5,0.003164557,3.673192663,7,0.000280012,0.001356075,0
Masha-Heddle,2,0.002808989,0,7,0.000589354,0.002260125,0
Moreo-Tumitis,10,0.003703704,84.67234484,7,0.0008306,0.001356075,0
Mychel-Redfort,12,0.003378378,40.49072503,7,0.001296439,0.001356075,0
Robin-Ryger,5,0.003194888,11.08691003,7,0.001146709,0.006683381,0
Tytos-Blackwood,4,0.003460208,47.90724047,7,0.000916235,0.00563169,0
Utherydes-Wayn,7,0.003412969,1.441374269,6,0.000432125,0.002857051,0
Wendel-Manderly,2,0.002538071,0,6,0.001859237,0.006100891,1
Garth-Tyrell,4,0.003508772,3.470318304,7,0.003806192,0.002965404,0
Mark-Mullendore,7,0.003333333,108.9634921,7,0.001044808,0.002965404,0
Melara-Hetherspoon,5,0.003558719,4.651775284,7,0.000703672,0.00673384,0
Robert-Strong,4,0.003095975,0,6,0.000214777,0.004504896,0
Senelle,8,0.003921569,23.52841297,7,0.000520339,0.009579383,0
Unella,6,0.003355705,40.69501861,7,0.000221467,0.013221179,0
Vylarr,2,0.003115265,0,7,0.001308197,0.009256115,0
Willas-Tyrell,6,0.003571429,4.244047619,7,0.001054806,0.017127502,0
Small-Paul,25,0.004608295,706.5572832,6,0.000235274,0.003889862,0
Ghael,18,0.004716981,1165.602517,7,0.01857171,0.000701341,0
Coratt,3,0.003246753,0,8,0.001187249,3.47E-05,0
Thoren-Smallwood,4,0.003378378,1.46337185,6,0.005611278,0.005319857,0
Shadrich,15,0.003623188,179.5971781,7,0.000231146,0.001781435,0
Kurz,13,0.003937008,78.81308256,8,0.000578963,5.71E-07,0
Tarber,26,0.004807692,705.1985624,8,0.001523918,4.28E-07,0
Sallor,5,0.003508772,6.96957758,8,0.000255395,2.95E-05,0
Eroeh,1,0.002358491,0,7,0.00025028,0.000695257,0
Ezzara,14,0.004524887,571.5247305,7,0.000538829,0.000260721,0
Lynesse-Hightower,5,0.00330033,3.886829837,7,0.00031666,0.000260721,0
Lysono-Maar,36,0.004830918,1101.384972,7,0.000618048,0.000260721,0
Pono,22,0.004424779,364.7212196,7,0.000466959,0.000773062,0
Qezza,4,0.003521127,32.8242342,7,0.002935212,0.00057198,0
Quaithe,7,0.003355705,5.060887723,7,0.001197025,0.000955979,0
Rhaegel-Targaryen,3,0.003508772,87.06103763,7,0.000373823,0.000434536,1
Symon-Stripeback,8,0.003484321,18.21525448,7,0.000785863,0.000348728,0
Yurkhaz-zo-Yunzak,1,0.003067485,0,7,0.006068826,0.000347629,0
Val,4,0.003095975,0,6,0.000235553,0.033270653,0
Lanna-(Happy-Port),4,0.003115265,0.333333333,7,0.000243754,4.11E-05,0
Torrhen-Karstark,2,0.00310559,0,6,0.000397176,0.005327064,1
Godric-Borrell,5,0.003412969,10.71920465,7,0.000602638,0.000743642,0
Imry-Florent,6,0.003584229,223.2348268,7,0.002068712,0.000247881,0
Matthos-Seaworth,1,0.00210084,0,7,0.000324751,0.000247881,0
Eustace-Brune,2,0.002808989,0,8,0.001035565,2.13E-05,0
Hugh-Hungerford,4,0.003521127,2.6254329,9,0.00064121,6.47E-09,0
Mag-Mar-Tun-Doh-Weg,2,0.003164557,0,6,0.000430526,0.001558886,1
Ogo,7,0.003731343,6.400940824,7,0.000312001,0.000188799,0
Rhaego,4,0.002949853,0.375746606,7,0.000599178,8.57E-05,1
Jacks,5,0.003484321,16.67748923,7,0.00159731,0.003105316,0
Joss,6,0.003322259,0,7,0.002083663,0.003881645,0
Maron-Greyjoy,4,0.003311258,0,7,0.00031696,0.002328987,0
Porther,1,0.002358491,0,7,0.00025857,0.003105316,0
Tobho-Mott,4,0.00255102,0.333333333,7,0.00078409,0.005434303,0
Tregar,1,0.002531646,0,7,0.000331787,0.003105316,0
Varly,1,0.002531646,0,7,0.000220783,0.003105316,0
Willam-Dustin,1,0.002531646,0,6,0.000392266,0.005442089,0
Wyl-(guard),1,0.002531646,0,7,0.000535667,0.00451162,0
Wylla,1,0.002358491,0,7,0.000231327,0.002328987,0
Watt,1,0.002358491,0,7,0.00155227,8.20E-05,0
Forley-Prester,1,0.003067485,0,7,0.00243935,0.000269379,0
Walder-Rivers,2,0.002840909,0,6,0.016720324,0.004437661,1
Steffon-Varner,7,0.003546099,6.10676519,8,0.000597484,3.47E-08,0
Sawane-Botley,3,0.003154574,0,8,0.000812566,5.69E-06,0
Jonquil,1,0.003067485,0,8,0.000547601,1.90E-05,0
Will-(prologue),5,0.003125,1.466666667,7,0.000300826,1.00E-05,1
Murch,2,0.003076923,0,9,0.000220023,2.13E-09,0
Leonette-Fossoway,1,0.002604167,0,8,0.007373233,9.20E-05,0
Merrit,2,0.003215434,0,7,0.003625629,0.000136211,0
Terrance-Lynderly,3,0.003246753,0,8,0.000496164,0.000160623,0
Oswell-Whent,2,0.003225806,0,7,0.000778986,2.77E-05,0
Raymun-Redbeard,3,0.003289474,0,7,0.00034614,7.32E-06,0
Walgrave,1,0.00310559,0,8,0.002301441,1.94E-07,0
Todder,2,0.003215434,0,6,0.000343224,0.007187975,0
Rory,1,0.003205128,0,6,0.000289102,0.002830901,0
Spare-Boot,5,0.003676471,25.72425801,6,0.000224238,0.002539236,0
Weeper,4,0.003703704,0,6,0.000834508,0.001945615,0
Myles-Toyne,3,0.003236246,0,7,0.000533772,0.000496762,0
Marghaz-zo-Loraq,1,0.002469136,0,8,0.000278577,7.70E-05,0
Mebble,19,0.004587156,443.0135843,8,0.000248605,0.000143005,0
Sigfryd-Harlaw,6,0.003831418,3.495468214,8,0.000233564,5.07E-07,0
Joy-Hill,4,0.002695418,105,7,0.015232918,0.001775769,0
Lewys-Piper,6,0.003194888,3.389760739,7,0.00081474,0.001775769,0
Ronnet-Connington,14,0.003968254,350.6873758,7,0.00041059,0.002693177,0
Shitmouth,7,0.003663004,8.556744846,7,0.001100033,0.001775769,0
Tysha,4,0.003257329,0.583333333,7,0.002095285,0.016321231,0
Urswyck,8,0.003546099,26.30650391,7,0.000255738,0.006511151,0
Wylis-Manderly,18,0.004166667,272.161237,7,0.000220606,0.002900859,0
Zollo,20,0.0041841,148.843899,7,0.005212162,0.001905555,0
Nyessos-Vhassar,5,0.003134796,105,7,0.000587243,0.000163828,0
Matthar,4,0.00255102,0.333333333,6,0.00446216,0.001397065,0
Othor,14,0.003448276,874.8372111,6,0.000215347,0.002328442,0
Soren-Shieldbreaker,5,0.003134796,312,6,0.002869167,0.001397065,0
Tom-Barleycorn,12,0.004347826,107.6349826,6,0.00110902,0.001862754,0
Ulmer,3,0.00310559,0,6,0.001518524,0.001397065,0
Wun-Weg-Wun-Dar-Wun,8,0.003496503,35.15540317,6,0.000547523,0.00543267,1
Zei,4,0.003144654,0,6,0.000332519,0.001397065,0
Willem-Lannister,4,0.003125,0,6,0.000452308,0.001767153,0
Softfoot,12,0.003802281,32.7217293,7,0.000245548,9.04E-06,0
Urzen,4,0.003194888,12.20809267,7,0.000741937,0.000402289,0
Torwold-Browntooth,3,0.002967359,1.35025641,9,0.000756021,6.41E-10,0
Trystane-Martell,4,0.00255102,1,7,0.000257157,0.001601955,0
Yezzan-zo-Qaggaz,24,0.004524887,556.1852523,7,0.000494908,0.018616815,0
Quill,6,0.003731343,131.1036732,8,0.001729903,7.76E-08,0
Rosey,18,0.004149378,141.5407634,8,0.001929448,1.74E-07,0
Shortear,4,0.00295858,2.261904762,8,0.000539317,1.88E-06,0
Ragwyle,26,0.004524887,1279.753353,7,0.000648561,0.000125581,0
Xhondo,2,0.003257329,3.20799062,7,0.000501595,0.00297975,0
Yellow-Dick,6,0.002717391,12.96584412,7,0.000716319,0.000896018,0
Rollam-Westerling,6,0.003584229,106.9588272,6,0.00043193,0.001936577,0
Torbert,9,0.003676471,21.0398865,8,0.000413608,1.24E-05,0
Steffon-Baratheon,5,0.003164557,3.673192663,6,0.001229904,0.002196374,0
Rugen,2,0.002808989,0,8,0.000280012,5.59E-06,0
Rolph-Spicer,10,0.003703704,84.67234484,6,0.000589354,0.002396734,0
Tristifer-IV-Mudd,12,0.003378378,40.49072503,6,0.0008306,0.00143804,0
Walda-Frey-(daughter-of-Merrett),5,0.003194888,11.08691003,7,0.001296439,0.00066962,1
Theobald,4,0.003460208,47.90724047,7,0.001146709,0.001157692,0
Ulf-son-of-Umar,7,0.003412969,1.441374269,8,0.000916235,0.000147474,0
William-Foxglove,2,0.002538071,0,6,0.000432125,0.001254069,0
Werlag,4,0.003508772,3.470318304,7,0.001859237,0.000401005,0
Willow-Witch-eye,7,0.003333333,108.9634921,7,0.003806192,0.000532422,0
Wulfe,5,0.003558719,4.651775284,8,0.001044808,6.34E-06,0
